{
    "build": {
      "preview": {
        "android": {
          "buildType": "apk"
        }
      },
      "development": {
        "developmentClient": true,
        "distribution": "internal"
      },
      "preview2": {
        "android": {
          "gradleCommand": ":app:assembleRelease"
        }
      },
      "preview3": {
        "developmentClient": true
      },
      "production": {}
    },
    "submit":{
      "production":{
        "ios":{
          "appleId": "impactosdigitales.qro@gmail.com",
          "ascAppId": "6449199802",
          "appleTeamId" : "2PCY79746U" 
        }
      }
    }
  }
