{
  "project_info": {
    "project_number": "843305891490",
    "project_id": "sdi-impresiones-digitales",
    "storage_bucket": "sdi-impresiones-digitales.appspot.com"
  },
  "client": [
    {
      "client_info": {
        "mobilesdk_app_id": "1:843305891490:android:7c9706dc8f8ccf831849fb",
        "android_client_info": {
          "package_name": "store.sdiqro.sdi"
        }
      },
      "oauth_client": [
        {
          "client_id": "843305891490-e2lnhec5trigqtqrthn1obkjvu835i74.apps.googleusercontent.com",
          "client_type": 1,
          "android_info": {
            "package_name": "store.sdiqro.sdi",
            "certificate_hash": "1cc84cfbf74ee9923d05d9a41e48baefc120c0d9"
          }
        },
        {
          "client_id": "843305891490-9sj82sl0j3nk98qh7ufgovpqmv04b1an.apps.googleusercontent.com",
          "client_type": 3
        }
      ],
      "api_key": [
        {
          "current_key": "AIzaSyD4R-TwGQilsIj8ZH6pDQZMf70BY4sgq2k"
        }
      ],
      "services": {
        "appinvite_service": {
          "other_platform_oauth_client": [
            {
              "client_id": "843305891490-9sj82sl0j3nk98qh7ufgovpqmv04b1an.apps.googleusercontent.com",
              "client_type": 3
            }
          ]
        }
      }
    }
  ],
  "configuration_version": "1"
}