{"v":"5.7.3","fr":29.9700012207031,"ip":0,"op":45.0000018328876,"w":800,"h":800,"nm":"TransformarFuturo","ddd":0,"assets":[],"layers":[{"ddd":0,"ind":1,"ty":4,"nm":"Rodillo contornos","sr":1,"ks":{"o":{"a":0,"k":100,"ix":11},"r":{"a":0,"k":0,"ix":10},"p":{"a":1,"k":[{"i":{"x":0,"y":1},"o":{"x":0.167,"y":0.18},"t":0,"s":[929.13,906.107,0],"to":[-102.682,-93.478,0],"ti":[102.682,93.478,0]},{"t":45.0000018328876,"s":[313.04,345.237,0]}],"ix":2},"a":{"a":0,"k":[287.659,299.853,0],"ix":1},"s":{"a":0,"k":[100,100,100],"ix":6}},"ao":0,"shapes":[{"ty":"gr","it":[{"ind":0,"ty":"sh","ix":1,"ks":{"a":0,"k":{"i":[[1.616,-1.617],[0,0],[1.617,1.616],[0,0],[-1.616,1.616],[0,0],[-1.617,-1.616],[0,0]],"o":[[0,0],[-1.616,1.616],[0,0],[-1.616,-1.616],[0,0],[1.616,-1.616],[0,0],[1.616,1.617]],"v":[[113.332,76.375],[76.374,113.332],[70.52,113.332],[-113.332,-70.521],[-113.332,-76.373],[-76.374,-113.331],[-70.52,-113.331],[113.332,70.521]],"c":true},"ix":2},"nm":"Trazado 1","mn":"ADBE Vector Shape - Group","hd":false},{"ty":"fl","c":{"a":0,"k":[0.870999983245,0.875,0.917999985639,1],"ix":4},"o":{"a":0,"k":100,"ix":5},"r":1,"bm":0,"nm":"Relleno 1","mn":"ADBE Vector Graphic - Fill","hd":false},{"ty":"tr","p":{"a":0,"k":[460.12,484.509],"ix":2},"a":{"a":0,"k":[0,0],"ix":1},"s":{"a":0,"k":[100,100],"ix":3},"r":{"a":0,"k":0,"ix":6},"o":{"a":0,"k":100,"ix":7},"sk":{"a":0,"k":0,"ix":4},"sa":{"a":0,"k":0,"ix":5},"nm":"Transformar"}],"nm":"Grupo 1","np":2,"cix":2,"bm":0,"ix":1,"mn":"ADBE Vector Group","hd":false},{"ty":"gr","it":[{"ind":0,"ty":"sh","ix":1,"ks":{"a":0,"k":{"i":[[0,0],[0,0],[0,0],[-16.092,17.881],[0,0],[9.628,9.628],[0,0],[9.628,-9.628],[0,0],[0,0],[0,0],[-16.396,-16.396],[0,0],[16.395,-16.396],[0,0],[-10.483,-10.483]],"o":[[0,0],[0,0],[-17.011,-17.011],[0,0],[9.943,-9.959],[0,0],[-9.628,-9.628],[0,0],[0,0],[0,0],[16.395,-16.396],[0,0],[16.395,16.396],[0,0],[-9.918,11.02],[0,0]],"v":[[-56.569,178.905],[-68.842,191.178],[-91.315,168.706],[-92.954,106.478],[80.062,-84.881],[80.378,-120.133],[38,-162.51],[3.079,-162.51],[-4.956,-154.475],[-17.228,-166.748],[-9.193,-174.782],[50.273,-174.782],[92.651,-132.406],[92.651,-72.939],[-80.051,118.087],[-79.042,156.433]],"c":true},"ix":2},"nm":"Trazado 1","mn":"ADBE Vector Shape - Group","hd":false},{"ty":"fl","c":{"a":0,"k":[0.702000038297,0.717999985639,0.816000007181,1],"ix":4},"o":{"a":0,"k":100,"ix":5},"r":1,"bm":0,"nm":"Relleno 1","mn":"ADBE Vector Graphic - Fill","hd":false},{"ty":"tr","p":{"a":0,"k":[427.236,205.353],"ix":2},"a":{"a":0,"k":[0,0],"ix":1},"s":{"a":0,"k":[100,100],"ix":3},"r":{"a":0,"k":0,"ix":6},"o":{"a":0,"k":100,"ix":7},"sk":{"a":0,"k":0,"ix":4},"sa":{"a":0,"k":0,"ix":5},"nm":"Transformar"}],"nm":"Grupo 2","np":2,"cix":2,"bm":0,"ix":2,"mn":"ADBE Vector Group","hd":false},{"ty":"gr","it":[{"ind":0,"ty":"sh","ix":1,"ks":{"a":0,"k":{"i":[[2.252,-2.252],[0,0],[2.252,2.253],[0,0],[-2.252,2.253],[0,0],[-2.252,-2.252],[0,0]],"o":[[0,0],[-2.252,2.253],[0,0],[-2.252,-2.253],[0,0],[2.253,-2.252],[0,0],[2.252,2.252]],"v":[[227.876,-135.421],[-135.421,227.875],[-143.578,227.875],[-227.876,143.577],[-227.876,135.42],[135.42,-227.877],[143.577,-227.877],[227.876,-143.578]],"c":true},"ix":2},"nm":"Trazado 1","mn":"ADBE Vector Shape - Group","hd":false},{"ty":"fl","c":{"a":0,"k":[0.870999983245,0.875,0.917999985639,1],"ix":4},"o":{"a":0,"k":100,"ix":5},"r":1,"bm":0,"nm":"Relleno 1","mn":"ADBE Vector Graphic - Fill","hd":false},{"ty":"tr","p":{"a":0,"k":[230.378,230.379],"ix":2},"a":{"a":0,"k":[0,0],"ix":1},"s":{"a":0,"k":[100,100],"ix":3},"r":{"a":0,"k":0,"ix":6},"o":{"a":0,"k":100,"ix":7},"sk":{"a":0,"k":0,"ix":4},"sa":{"a":0,"k":0,"ix":5},"nm":"Transformar"}],"nm":"Grupo 3","np":2,"cix":2,"bm":0,"ix":3,"mn":"ADBE Vector Group","hd":false}],"ip":0,"op":45.0000018328876,"st":0,"bm":0},{"ddd":0,"ind":2,"ty":4,"nm":"Salpicadura contornos 4","sr":1,"ks":{"o":{"a":0,"k":100,"ix":11},"r":{"a":0,"k":0,"ix":10},"p":{"a":0,"k":[704.859,424.042,0],"ix":2},"a":{"a":0,"k":[50.063,88.154,0],"ix":1},"s":{"a":0,"k":[100,100,100],"ix":6,"x":"var $bm_rt;\nvar result;\nresult = getAnimationComposerPresetValue();\nfunction getAnimationComposerPresetValue() {\n    var bL = thisLayer;\n    var tTrI = null;\n    var tTrO = null;\n    if (bL.marker.numKeys > 0) {\n        var acmp = 'zzzzzzzzzzzzzzz_AC';\n        for (var i = 1; i <= bL.marker.numKeys; i++) {\n            var m = bL.marker.key(i);\n            var p = m.parameters;\n            if (p.hasOwnProperty(acmp + 'MarkerEnabled') && p.hasOwnProperty(acmp + 'MarkerType') && p.hasOwnProperty(acmp + 'MarkerAppPresetType')) {\n                if (p[acmp + 'MarkerEnabled'] != '1') {\n                    continue;\n                }\n                switch (p[acmp + 'MarkerAppPresetType']) {\n                case '1': {\n                        tTrI = m.time;\n                        break;\n                    }\n                }\n            }\n        }\n    }\n    ;\n    function acPD(fxN) {\n        try {\n            if (bL.effect(fxN).active === false) {\n                ac.en = false;\n            }\n        } catch (e) {\n        }\n    }\n    function acSliderValP(fxN, stN, dV) {\n        try {\n            return bL.effect(fxN)(stN);\n        } catch (e) {\n            return dV;\n        }\n    }\n    function acValMul(val) {\n        acAccM *= val;\n    }\n    function mhOvershoot(t, a, f, d) {\n        if (d <= 0) {\n            d = 0;\n        }\n        var y = $bm_div($bm_mul(a, Math.cos($bm_mul($bm_mul($bm_mul(t, f), Math.PI), 2))), Math.exp($bm_mul(t, d)));\n        if (t < 0.8) {\n            return y;\n        }\n        return $bm_mul(y, $bm_sub(1, $bm_div($bm_sub(t, 0.8), 0.2)));\n    }\n    function upACo(tIn, dIn, tOut, dOut, eFi, eFo) {\n        if (dIn < 0) {\n            dIn = 0;\n        }\n        if (dOut < 0) {\n            dOut = 0;\n        }\n        ac.fade = 1;\n        if (t < tOut) {\n            if (t < $bm_sum(tIn, dIn)) {\n                if (dIn == 0) {\n                    ac.fade = 0;\n                } else {\n                    ac.fade = $bm_div($bm_sub(t, tIn), dIn);\n                    if (ac.fade < 0) {\n                        ac.fade = 0;\n                    }\n                    if (ac.fade > 1) {\n                        ac.fade = 1;\n                    }\n                    if (eFi) {\n                        ac.fade = eFi(ac.fade);\n                    }\n                }\n            }\n        } else {\n            if (dOut == 0) {\n                ac.fade = 0;\n            } else {\n                ac.fade = $bm_div($bm_sub(t, tOut), dOut);\n                if (ac.fade < 0) {\n                    ac.fade = 0;\n                }\n                if (ac.fade > 1) {\n                    ac.fade = 1;\n                }\n                if (eFo) {\n                    ac.fade = eFo(ac.fade);\n                }\n                ac.fade = $bm_sub(1, ac.fade);\n            }\n        }\n        ac.intensity = 1;\n        ac.en = true;\n        ac.t = $bm_sub(t, tIn);\n    }\n    var ac = {};\n    ac.en = false;\n    var v = thisProperty.value;\n    var t = time;\n    var acAccM = 1;\n    ac.en = false;\n    if (tTrI !== null && t < tTrI) {\n        upACo(bL.inPoint, $bm_sub(tTrI, bL.inPoint), bL.outPoint, 0);\n        ac.fade = $bm_sub(1, ac.fade);\n    }\n    acPD('AC IN [NWX] Controls');\n    if (ac.en) {\n        acValMul($bm_sub(1, $bm_mul(mhOvershoot($bm_sub(1, ac.fade), 1, acSliderValP('AC IN [NWX] Controls', 'Number of bounces', 2), 7), $bm_sum($bm_div(acSliderValP('AC IN [NWX] Controls', 'Scale', 0), -100), 1))));\n    }\n    v = thisProperty.value;\n    v *= acAccM;\n    return v;\n}\n$bm_rt = result;"}},"ao":0,"ef":[{"ty":5,"nm":"AC IN [NWX] Controls","np":4,"mn":"Pseudo/MHAC PrCtrl NWX 4","ix":1,"en":1,"ef":[{"ty":0,"nm":"Number of bounces","mn":"Pseudo/MHAC PrCtrl NWX 4-0001","ix":1,"v":{"a":0,"k":1,"ix":1}},{"ty":0,"nm":"Scale","mn":"Pseudo/MHAC PrCtrl NWX 4-0002","ix":2,"v":{"a":0,"k":0,"ix":2}}]}],"shapes":[{"ty":"gr","it":[{"ind":0,"ty":"sh","ix":1,"ks":{"a":0,"k":{"i":[[2.676,-1.173],[-2.649,-24.101],[0,0],[-8.692,13.042],[0,0],[18.569,6.543],[0.645,0.146],[1.257,0]],"o":[[-16.12,7.067],[0,0],[1.744,15.861],[0,0],[16.817,-25.23],[-0.618,-0.217],[-1.238,-0.279],[-2.689,0]],"v":[[-2.99,-53.574],[-28.091,6.387],[-24.807,36.247],[-2.302,42.327],[13.924,17.982],[10.732,-54.409],[8.838,-54.954],[5.091,-55.37]],"c":true},"ix":2},"nm":"Trazado 2","mn":"ADBE Vector Shape - Group","hd":false},{"ty":"gf","o":{"a":0,"k":100,"ix":10},"r":1,"bm":0,"g":{"p":3,"k":{"a":0,"k":[0,0.071,0.118,0.424,0.5,0.502,0.188,0.365,1,0.933,0.259,0.306],"ix":9}},"s":{"a":0,"k":[-177.974,-179.357],"ix":5},"e":{"a":0,"k":[-117.446,258.779],"ix":6},"t":1,"nm":"Relleno de degradado 1","mn":"ADBE Vector Graphic - G-Fill","hd":false},{"ty":"tr","p":{"a":0,"k":[30.99,55.62],"ix":2},"a":{"a":0,"k":[0,0],"ix":1},"s":{"a":0,"k":[100,100],"ix":3},"r":{"a":0,"k":0,"ix":6},"o":{"a":0,"k":100,"ix":7},"sk":{"a":0,"k":0,"ix":4},"sa":{"a":0,"k":0,"ix":5},"nm":"Transformar"}],"nm":"Grupo 2","np":2,"cix":2,"bm":0,"ix":1,"mn":"ADBE Vector Group","hd":false}],"ip":8.00000032584668,"op":45.0000018328876,"st":0,"bm":0},{"ddd":0,"ind":3,"ty":4,"nm":"Salpicadura contornos 3","sr":1,"ks":{"o":{"a":0,"k":100,"ix":11},"r":{"a":0,"k":0,"ix":10},"p":{"a":0,"k":[716.859,424.042,0],"ix":2},"a":{"a":0,"k":[50.063,88.154,0],"ix":1},"s":{"a":0,"k":[100,100,100],"ix":6,"x":"var $bm_rt;\nvar result;\nresult = getAnimationComposerPresetValue();\nfunction getAnimationComposerPresetValue() {\n    var bL = thisLayer;\n    var tTrI = null;\n    var tTrO = null;\n    if (bL.marker.numKeys > 0) {\n        var acmp = 'zzzzzzzzzzzzzzz_AC';\n        for (var i = 1; i <= bL.marker.numKeys; i++) {\n            var m = bL.marker.key(i);\n            var p = m.parameters;\n            if (p.hasOwnProperty(acmp + 'MarkerEnabled') && p.hasOwnProperty(acmp + 'MarkerType') && p.hasOwnProperty(acmp + 'MarkerAppPresetType')) {\n                if (p[acmp + 'MarkerEnabled'] != '1') {\n                    continue;\n                }\n                switch (p[acmp + 'MarkerAppPresetType']) {\n                case '1': {\n                        tTrI = m.time;\n                        break;\n                    }\n                }\n            }\n        }\n    }\n    ;\n    function acPD(fxN) {\n        try {\n            if (bL.effect(fxN).active === false) {\n                ac.en = false;\n            }\n        } catch (e) {\n        }\n    }\n    function acSliderValP(fxN, stN, dV) {\n        try {\n            return bL.effect(fxN)(stN);\n        } catch (e) {\n            return dV;\n        }\n    }\n    function acValMul(val) {\n        acAccM *= val;\n    }\n    function mhOvershoot(t, a, f, d) {\n        if (d <= 0) {\n            d = 0;\n        }\n        var y = $bm_div($bm_mul(a, Math.cos($bm_mul($bm_mul($bm_mul(t, f), Math.PI), 2))), Math.exp($bm_mul(t, d)));\n        if (t < 0.8) {\n            return y;\n        }\n        return $bm_mul(y, $bm_sub(1, $bm_div($bm_sub(t, 0.8), 0.2)));\n    }\n    function upACo(tIn, dIn, tOut, dOut, eFi, eFo) {\n        if (dIn < 0) {\n            dIn = 0;\n        }\n        if (dOut < 0) {\n            dOut = 0;\n        }\n        ac.fade = 1;\n        if (t < tOut) {\n            if (t < $bm_sum(tIn, dIn)) {\n                if (dIn == 0) {\n                    ac.fade = 0;\n                } else {\n                    ac.fade = $bm_div($bm_sub(t, tIn), dIn);\n                    if (ac.fade < 0) {\n                        ac.fade = 0;\n                    }\n                    if (ac.fade > 1) {\n                        ac.fade = 1;\n                    }\n                    if (eFi) {\n                        ac.fade = eFi(ac.fade);\n                    }\n                }\n            }\n        } else {\n            if (dOut == 0) {\n                ac.fade = 0;\n            } else {\n                ac.fade = $bm_div($bm_sub(t, tOut), dOut);\n                if (ac.fade < 0) {\n                    ac.fade = 0;\n                }\n                if (ac.fade > 1) {\n                    ac.fade = 1;\n                }\n                if (eFo) {\n                    ac.fade = eFo(ac.fade);\n                }\n                ac.fade = $bm_sub(1, ac.fade);\n            }\n        }\n        ac.intensity = 1;\n        ac.en = true;\n        ac.t = $bm_sub(t, tIn);\n    }\n    var ac = {};\n    ac.en = false;\n    var v = thisProperty.value;\n    var t = time;\n    var acAccM = 1;\n    ac.en = false;\n    if (tTrI !== null && t < tTrI) {\n        upACo(bL.inPoint, $bm_sub(tTrI, bL.inPoint), bL.outPoint, 0);\n        ac.fade = $bm_sub(1, ac.fade);\n    }\n    acPD('AC IN [NWX] Controls');\n    if (ac.en) {\n        acValMul($bm_sub(1, $bm_mul(mhOvershoot($bm_sub(1, ac.fade), 1, acSliderValP('AC IN [NWX] Controls', 'Number of bounces', 2), 7), $bm_sum($bm_div(acSliderValP('AC IN [NWX] Controls', 'Scale', 0), -100), 1))));\n    }\n    v = thisProperty.value;\n    v *= acAccM;\n    return v;\n}\n$bm_rt = result;"}},"ao":0,"ef":[{"ty":5,"nm":"AC IN [NWX] Controls","np":4,"mn":"Pseudo/MHAC PrCtrl NWX 4","ix":1,"en":1,"ef":[{"ty":0,"nm":"Number of bounces","mn":"Pseudo/MHAC PrCtrl NWX 4-0001","ix":1,"v":{"a":0,"k":1,"ix":1}},{"ty":0,"nm":"Scale","mn":"Pseudo/MHAC PrCtrl NWX 4-0002","ix":2,"v":{"a":0,"k":0,"ix":2}}]}],"shapes":[{"ty":"gr","it":[{"ind":0,"ty":"sh","ix":1,"ks":{"a":0,"k":{"i":[[7.747,-12.357],[0,0],[-10.163,3.294],[0,0],[7.158,11.354],[0.284,0.351],[2.828,0.742],[1.527,0]],"o":[[0,0],[-5.779,9.216],[0,0],[19.664,-6.373],[-0.238,-0.378],[-1.707,-2.114],[-1.366,-0.358],[-11.452,-0.001]],"v":[[-18.487,-5.727],[-29.367,11.624],[-19.909,24.395],[-0.934,18.247],[27.988,-21.8],[27.206,-22.893],[20.3,-27.16],[15.945,-27.689]],"c":true},"ix":2},"nm":"Trazado 2","mn":"ADBE Vector Shape - Group","hd":false},{"ty":"gf","o":{"a":0,"k":100,"ix":10},"r":1,"bm":0,"g":{"p":3,"k":{"a":0,"k":[0,0.071,0.118,0.424,0.5,0.502,0.188,0.365,1,0.933,0.259,0.306],"ix":9}},"s":{"a":0,"k":[-177.974,-179.357],"ix":5},"e":{"a":0,"k":[-117.446,258.779],"ix":6},"t":1,"nm":"Relleno de degradado 1","mn":"ADBE Vector Graphic - G-Fill","hd":false},{"ty":"tr","p":{"a":0,"k":[64.73,148.368],"ix":2},"a":{"a":0,"k":[0,0],"ix":1},"s":{"a":0,"k":[100,100],"ix":3},"r":{"a":0,"k":0,"ix":6},"o":{"a":0,"k":100,"ix":7},"sk":{"a":0,"k":0,"ix":4},"sa":{"a":0,"k":0,"ix":5},"nm":"Transformar"}],"nm":"Grupo 1","np":2,"cix":2,"bm":0,"ix":1,"mn":"ADBE Vector Group","hd":false}],"ip":4.00000016292334,"op":45.0000018328876,"st":0,"bm":0},{"ddd":0,"ind":4,"ty":4,"nm":"MASCARA","parent":1,"td":1,"sr":1,"ks":{"o":{"a":0,"k":100,"ix":11},"r":{"a":0,"k":0,"ix":10},"p":{"a":0,"k":[-66.471,-51.254,0],"ix":2},"a":{"a":0,"k":[0,0,0],"ix":1},"s":{"a":0,"k":[100,100,100],"ix":6}},"ao":0,"shapes":[{"ty":"gr","it":[{"ind":0,"ty":"sh","ix":1,"ks":{"a":0,"k":{"i":[[0,0],[4.9,1.147],[0,0],[0,0],[0,0]],"o":[[0,0],[-34.207,-8.01],[0,0],[0,0],[0,0]],"v":[[1017.854,619.33],[558.316,889.351],[68.925,417.551],[402.834,82.862],[427.063,56.913]],"c":true},"ix":2},"nm":"Trazado 1","mn":"ADBE Vector Shape - Group","hd":false},{"ty":"gf","o":{"a":0,"k":100,"ix":10},"r":1,"bm":0,"g":{"p":3,"k":{"a":0,"k":[0,0.071,0.118,0.424,0.5,0.502,0.188,0.365,1,0.933,0.259,0.306],"ix":9}},"s":{"a":0,"k":[0,0],"ix":5},"e":{"a":0,"k":[100,0],"ix":6},"t":1,"nm":"Relleno de degradado 1","mn":"ADBE Vector Graphic - G-Fill","hd":false},{"ty":"tr","p":{"a":0,"k":[0,0],"ix":2},"a":{"a":0,"k":[0,0],"ix":1},"s":{"a":0,"k":[100,100],"ix":3},"r":{"a":0,"k":0,"ix":6},"o":{"a":0,"k":100,"ix":7},"sk":{"a":0,"k":0,"ix":4},"sa":{"a":0,"k":0,"ix":5},"nm":"Transformar"}],"nm":"Forma 1","np":3,"cix":2,"bm":0,"ix":1,"mn":"ADBE Vector Group","hd":false}],"ip":0,"op":45.0000018328876,"st":0,"bm":0},{"ddd":0,"ind":5,"ty":4,"nm":"Pintura contornos","tt":1,"sr":1,"ks":{"o":{"a":0,"k":100,"ix":11},"r":{"a":0,"k":0,"ix":10},"p":{"a":0,"k":[431.145,431.426,0],"ix":2},"a":{"a":0,"k":[342.182,322.46,0],"ix":1},"s":{"a":0,"k":[100,100,100],"ix":6}},"ao":0,"shapes":[{"ty":"gr","it":[{"ind":0,"ty":"sh","ix":1,"ks":{"a":0,"k":{"i":[[0,0],[0,0],[-36.498,36.499],[-38.543,-38.543],[-28.312,28.313],[28.313,28.313],[0,0],[-34.667,34.666],[0,0],[14.07,14.068],[0,0]],"o":[[0,0],[36.499,36.499],[38.544,-38.543],[28.313,28.313],[28.313,-28.313],[0,0],[-34.667,-34.666],[0,0],[14.07,-14.069],[0,0],[0,0]],"v":[[-341.932,4.439],[-60.661,285.711],[71.513,285.711],[211.091,285.711],[313.62,285.711],[313.62,183.182],[168.01,37.571],[168.01,-87.965],[168.01,-87.966],[168.01,-138.916],[-15.284,-322.21]],"c":true},"ix":2},"nm":"Trazado 2","mn":"ADBE Vector Shape - Group","hd":false},{"ty":"gf","o":{"a":0,"k":100,"ix":10},"r":1,"bm":0,"g":{"p":3,"k":{"a":0,"k":[0,0.071,0.118,0.424,0.5,0.502,0.188,0.365,1,0.933,0.259,0.306],"ix":9}},"s":{"a":0,"k":[23.585,-276.854],"ix":5},"e":{"a":0,"k":[206.571,321.659],"ix":6},"t":1,"nm":"Relleno de degradado 1","mn":"ADBE Vector Graphic - G-Fill","hd":false},{"ty":"tr","p":{"a":0,"k":[342.182,322.46],"ix":2},"a":{"a":0,"k":[0,0],"ix":1},"s":{"a":0,"k":[100,100],"ix":3},"r":{"a":0,"k":0,"ix":6},"o":{"a":0,"k":100,"ix":7},"sk":{"a":0,"k":0,"ix":4},"sa":{"a":0,"k":0,"ix":5},"nm":"Transformar"}],"nm":"Grupo 1","np":2,"cix":2,"bm":0,"ix":1,"mn":"ADBE Vector Group","hd":false}],"ip":0,"op":45.0000018328876,"st":0,"bm":0}],"markers":[]}